{"cameraMode":{"drawMode":0,"name":"Shaded","section":"Shading Mode"},"sceneLighting":true,"audioPlay":false,"sceneViewState":{"showFog":true,"showMaterialUpdate":false,"showSkybox":true,"showFlares":true,"showImageEffects":true,"showParticleSystems":true},"in2DMode":false,"pivot":{"x":254.3428192138672,"y":158.31520080566407,"z":-112.4483642578125},"rotation":{"x":0.33585837483406069,"y":-0.3712485730648041,"z":0.14613378047943116,"w":0.8532407879829407},"size":396.4163818359375,"orthographic":true}