{"cameraMode":{"drawMode":0,"name":"Shaded","section":"Shading Mode"},"sceneLighting":true,"audioPlay":false,"sceneViewState":{"showFog":true,"showMaterialUpdate":false,"showSkybox":true,"showFlares":true,"showImageEffects":true,"showParticleSystems":true},"in2DMode":false,"pivot":{"x":-20.342117309570314,"y":17.917938232421876,"z":-8.54541015625},"rotation":{"x":0.299328088760376,"y":0.2109435498714447,"z":-0.06803648918867111,"w":0.9280508160591126},"size":5.625981330871582,"orthographic":true}